order_ref,timestamp_ns,side,shares,stock,price_raw,price_dollars
1,34200000001520,B,100,GOOG,1500988,150.0988
2,34200000011448,B,100,AAPL,1499788,149.9788
3,34200000018022,S,100,NVDA,1500470,150.047
4,34200000018171,B,100,AMZN,1501367,150.1367
5,34200000025372,S,100,META,1501973,150.1973
6,34200000027511,S,300,GOOG,1500517,150.0517
7,34200000035939,S,100,AAPL,1499221,149.9221
8,34200000038108,B,200,META,1498380,149.838
9,34200000040024,B,200,MSFT,1498402,149.8402
10,34200000044480,S,500,TSLA,1500361,150.0361
11,34200000049520,S,100,META,1500190,150.019
12,34200000052786,S,500,AMZN,1504385,150.4385
13,34200000060090,B,500,AMD,1500092,150.0092
14,34200000061278,S,200,NVDA,1501422,150.1422
15,34200000064869,B,100,GOOG,1498143,149.8143
16,34200000067612,B,100,AMD,1498199,149.8199
17,34200000077301,B,100,AMZN,1504060,150.406
18,34200000077586,S,100,AAPL,1498125,149.8125
19,34200000079719,S,100,AMZN,1504934,150.4934
20,34200000087651,B,100,MSFT,1499212,149.9212
21,34200000094769,S,500,TSLA,1502530,150.253
22,34200000096818,S,100,AMD,1498413,149.8413
23,34200000098782,S,100,META,1501378,150.1378
24,34200000099003,B,300,TSLA,1502182,150.2182
25,34200000107752,B,1000,AMZN,1503224,150.3224
26,34200000115487,B,500,NVDA,1499512,149.9512
27,34200000122046,S,100,AMD,1498141,149.8141
28,34200000122239,B,1000,GOOG,1497965,149.7965
29,34200000122615,B,100,AMZN,1500344,150.0344
30,34200000131501,S,100,AAPL,1498435,149.8435
31,34200000139955,B,500,TSLA,1504320,150.432
32,34200000140206,B,1000,AMZN,1497910,149.791
33,34200000140550,S,100,TSLA,1506961,150.6961
34,34200000142672,B,100,MSFT,1498727,149.8727
35,34200000144323,B,200,GOOG,1496868,149.6868
36,34200000148669,B,300,GOOG,1495890,149.589
37,34200000150857,S,1000,META,1501885,150.1885
38,34200000151066,B,100,AAPL,1498535,149.8535
39,34200000159245,B,300,AMZN,1499345,149.9345
40,34200000165150,S,100,AMZN,1501672,150.1672
41,34200000169600,B,100,GOOG,1497436,149.7436
42,34200000171432,B,1000,META,1500584,150.0584
43,34200000176723,B,100,GOOG,1495164,149.5164
44,34200000179555,S,500,MSFT,1498420,149.842
45,34200000182981,B,300,GOOG,1497821,149.7821
46,34200000184634,B,300,NVDA,1498434,149.8434
47,34200000188166,B,500,META,1500466,150.0466
48,34200000188643,S,500,TSLA,1507767,150.7767
49,34200000189102,S,200,META,1502078,150.2078
50,34200000197643,B,1000,GOOG,1496310,149.631
51,34200000203207,B,200,META,1500669,150.0669
52,34200000210755,S,300,GOOG,1499417,149.9417
53,34200000211160,S,200,META,1501759,150.1759
54,34200000220539,B,500,NVDA,1498057,149.8057
55,34200000230360,B,100,GOOG,1496741,149.6741
56,34200000233401,B,300,TSLA,1508572,150.8572
57,34200000233841,B,100,AMZN,1498049,149.8049
58,34200000234847,S,200,NVDA,1498858,149.8858
59,34200000239348,S,1000,AMZN,1498784,149.8784
60,34200000245839,S,100,AMD,1499786,149.9786
61,34200000245962,S,200,GOOG,1498882,149.8882
62,34200000250147,S,100,TSLA,1507484,150.7484
63,34200000254732,S,100,NVDA,1497538,149.7538
64,34200000254959,S,1000,MSFT,1498459,149.8459
65,34200000263210,S,300,GOOG,1496788,149.6788
66,34200000271987,S,1000,NVDA,1499065,149.9065
67,34200000277486,S,1000,AMD,1500321,150.0321
68,34200000283724,B,200,AMD,1500049,150.0049
69,34200000290145,S,100,GOOG,1496988,149.6988
70,34200000291465,B,500,AMD,1500980,150.098
71,34200000301412,B,500,NVDA,1493919,149.3919
72,34200000308783,B,500,TSLA,1506504,150.6504
73,34200000318534,S,100,META,1500948,150.0948
74,34200000318853,S,100,AAPL,1498193,149.8193
75,34200000325382,B,200,MSFT,1497595,149.7595
76,34200000334087,B,200,NVDA,1493217,149.3217
77,34200000335746,S,100,AAPL,1497590,149.759
78,34200000340654,S,100,AAPL,1497100,149.71
79,34200000344403,S,200,MSFT,1498266,149.8266
80,34200000344516,S,200,GOOG,1497010,149.701
81,34200000349494,B,100,AMZN,1494875,149.4875
82,34200000351166,S,100,GOOG,1495711,149.5711
83,34200000360197,B,100,META,1497387,149.7387
84,34200000368332,B,1000,GOOG,1494161,149.4161
85,34200000373729,B,1000,MSFT,1496171,149.6171
86,34200000378724,S,200,META,1494320,149.432
87,34200000378932,B,300,AMD,1498562,149.8562
88,34200000384458,S,200,META,1493777,149.3777
89,34200000389395,B,1000,AAPL,1495031,149.5031
90,34200000391919,S,1000,AMD,1500060,150.006
91,34200000401617,B,300,AMZN,1494682,149.4682
92,34200000410051,B,300,META,1494532,149.4532
93,34200000414084,S,100,AMZN,1495905,149.5905
94,34200000423679,B,200,TSLA,1507226,150.7226
95,34200000433430,B,100,AMZN,1497511,149.7511
96,34200000436498,B,200,MSFT,1496626,149.6626
97,34200000438339,B,1000,AMD,1498648,149.8648
98,34200000445904,S,100,AMZN,1499053,149.9053
99,34200000446131,B,200,AMD,1501036,150.1036
100,34200000453363,S,200,GOOG,1496407,149.6407
101,34200000455349,S,200,AMD,1503095,150.3095
102,34200000457679,S,200,GOOG,1495423,149.5423
103,34200000466378,B,1000,MSFT,1496146,149.6146
104,34200000474816,B,200,AMZN,1499648,149.9648
105,34200000484738,S,200,GOOG,1494723,149.4723
106,34200000484922,S,100,TSLA,1505365,150.5365
107,34200000490904,S,100,AMZN,1498634,149.8634
108,34200000492557,S,1000,NVDA,1493250,149.325
109,34200000497972,B,100,NVDA,1491753,149.1753
110,34200000506217,S,1000,AAPL,1494005,149.4005
111,34200000513907,S,100,AMZN,1499464,149.9464
112,34200000523024,B,100,META,1497035,149.7035
113,34200000523253,S,1000,AMZN,1497972,149.7972
114,34200000533142,B,100,META,1495243,149.5243
115,34200000537477,B,1000,AMD,1500767,150.0767
116,34200000546418,S,1000,AMZN,1498873,149.8873
117,34200000554102,S,200,GOOG,1496094,149.6094
118,34200000557624,B,1000,GOOG,1495975,149.5975
119,34200000562617,S,1000,AMD,1503404,150.3404
120,34200000571944,S,200,AMD,1502891,150.2891
121,34200000581262,S,300,MSFT,1498337,149.8337
122,34200000590284,S,200,AMZN,1497964,149.7964
123,34200000596556,B,500,MSFT,1495109,149.5109
124,34200000604286,S,500,TSLA,1505836,150.5836
125,34200000607778,S,500,AAPL,1493703,149.3703
126,34200000615991,S,300,AMD,1504038,150.4038
127,34200000616491,S,100,GOOG,1495244,149.5244
128,34200000626233,B,100,AMZN,1496496,149.6496
129,34200000631079,S,100,NVDA,1494962,149.4962
130,34200000633725,S,500,AMZN,1496798,149.6798
131,34200000640866,B,100,AMD,1503774,150.3774
132,34200000644816,B,500,NVDA,1494352,149.4352
133,34200000648160,B,1000,MSFT,1496540,149.654
134,34200000649313,B,1000,TSLA,1506776,150.6776
135,34200000655214,B,300,AMD,1505416,150.5416
136,34200000655510,S,200,NVDA,1494744,149.4744
137,34200000655947,B,200,AMD,1506873,150.6873
138,34200000665085,B,100,NVDA,1493853,149.3853
139,34200000668325,S,200,AMZN,1497173,149.7173
140,34200000669871,S,200,GOOG,1493577,149.3577
141,34200000679708,B,100,META,1495171,149.5171
142,34200000688602,S,100,META,1495725,149.5725
143,34200000693298,B,100,AMZN,1496543,149.6543
144,34200000693600,S,300,NVDA,1494394,149.4394
145,34200000700686,B,500,AAPL,1492434,149.2434
146,34200000707060,S,100,GOOG,1495041,149.5041
147,34200000707183,B,500,TSLA,1505492,150.5492
148,34200000707558,B,100,AAPL,1490436,149.0436
149,34200000711089,S,500,MSFT,1496737,149.6737
150,34200000716672,S,500,NVDA,1495220,149.522
151,34200000717123,B,300,AAPL,1490454,149.0454
152,34200000721232,S,100,META,1494851,149.4851
153,34200000721502,B,100,GOOG,1496485,149.6485
154,34200000721993,S,200,TSLA,1506108,150.6108
155,34200000725363,B,100,TSLA,1502447,150.2447
156,34200000726785,S,100,MSFT,1494722,149.4722
157,34200000726911,B,100,MSFT,1496451,149.6451
158,34200000735713,S,100,MSFT,1498198,149.8198
159,34200000737423,B,200,AMD,1506789,150.6789
160,34200000745003,B,100,AMZN,1494875,149.4875
161,34200000748433,S,100,NVDA,1493942,149.3942
162,34200000758125,B,300,GOOG,1494286,149.4286
163,34200000762868,B,200,AMZN,1492822,149.2822
164,34200000765425,B,500,NVDA,1493526,149.3526
165,34200000765568,B,1000,META,1491971,149.1971
166,34200000771968,B,100,GOOG,1495668,149.5668
167,34200000778087,S,100,GOOG,1494390,149.439
168,34200000778433,B,200,META,1492984,149.2984
169,34200000786463,S,200,TSLA,1503748,150.3748
170,34200000786922,S,100,AAPL,1490220,149.022
171,34200000787401,B,500,AMZN,1493945,149.3945
172,34200000795833,B,200,AAPL,1488165,148.8165
173,34200000799382,B,100,META,1493594,149.3594
174,34200000807329,S,100,MSFT,1498479,149.8479
175,34200000810145,B,100,AMD,1505570,150.557
176,34200000816198,S,1000,AMZN,1494282,149.4282
177,34200000819446,B,200,AAPL,1489456,148.9456
178,34200000827501,B,100,AMZN,1497317,149.7317
179,34200000827980,B,300,MSFT,1498751,149.8751
180,34200000836013,B,100,AAPL,1490389,149.0389
181,34200000836429,B,300,NVDA,1493835,149.3835
182,34200000839163,S,100,AMD,1505554,150.5554
183,34200000842917,B,300,TSLA,1501650,150.165
184,34200000849641,S,200,GOOG,1494484,149.4484
185,34200000849842,S,100,META,1494602,149.4602
186,34200000858937,S,100,MSFT,1497106,149.7106
187,34200000865116,B,300,AMD,1504025,150.4025
188,34200000870616,B,1000,MSFT,1493578,149.3578
189,34200000876319,B,100,AAPL,1490739,149.0739
190,34200000877991,S,500,GOOG,1494955,149.4955
191,34200000880004,B,1000,AMD,1505673,150.5673
192,34200000883831,B,100,AMD,1505012,150.5012
193,34200000889465,B,100,AAPL,1489962,148.9962
194,34200000895947,B,100,NVDA,1494938,149.4938
195,34200000899264,B,100,GOOG,1493338,149.3338
196,34200000901652,B,100,META,1495177,149.5177
197,34200000909589,B,100,AMZN,1495212,149.5212
198,34200000916187,B,100,META,1494600,149.46
199,34200000926030,B,100,AMD,1507590,150.759
200,34200000929557,S,100,AAPL,1498295,149.8295
201,34200000929843,S,1000,MSFT,1495645,149.5645
202,34200000938198,S,200,TSLA,1505243,150.5243
203,34200000946416,S,200,TSLA,1503778,150.3778
204,34200000950687,S,500,AMD,1508515,150.8515
205,34200000960139,B,100,MSFT,1495087,149.5087
206,34200000969549,B,200,GOOG,1493188,149.3188
207,34200000977346,S,300,MSFT,1496807,149.6807
208,34200000979683,B,200,AAPL,1496121,149.6121
209,34200000979929,B,100,META,1494708,149.4708
210,34200000981015,S,1000,AMD,1509419,150.9419
211,34200000981262,B,500,GOOG,1493521,149.3521
212,34200000989751,B,200,TSLA,1503003,150.3003
213,34200000995523,S,200,GOOG,1497109,149.7109
214,34200000999591,B,200,NVDA,1497020,149.702
215,34200001008293,S,100,GOOG,1496509,149.6509
216,34200001015143,S,200,AAPL,1497113,149.7113
217,34200001015423,S,300,GOOG,1495245,149.5245
218,34200001024263,S,1000,META,1497620,149.762
219,34200001025980,S,100,MSFT,1497010,149.701
220,34200001035877,S,200,TSLA,1503200,150.32
221,34200001042315,B,100,AMD,1508466,150.8466
222,34200001050519,B,500,AMZN,1497413,149.7413
223,34200001058474,S,200,NVDA,1497709,149.7709
224,34200001060785,B,200,GOOG,1494760,149.476
225,34200001067544,S,100,META,1497339,149.7339
226,34200001069483,B,500,AMD,1507372,150.7372
227,34200001069894,S,100,GOOG,1494634,149.4634
228,34200001076895,B,200,AMD,1506418,150.6418
229,34200001079154,S,300,META,1496004,149.6004
230,34200001084243,S,300,MSFT,1498210,149.821
231,34200001089507,S,100,GOOG,1496181,149.6181
232,34200001098554,B,200,AMD,1505774,150.5774
233,34200001104790,B,100,TSLA,1503911,150.3911
234,34200001108370,S,200,META,1498143,149.8143
235,34200001117464,B,100,MSFT,1497594,149.7594
236,34200001120590,B,300,AAPL,1493796,149.3796
237,34200001122798,S,500,GOOG,1497461,149.7461
238,34200001132274,S,1000,MSFT,1498800,149.88
239,34200001135388,S,100,META,1500190,150.019
240,34200001141370,S,100,NVDA,1499240,149.924
241,34200001146475,B,200,MSFT,1499540,149.954
242,34200001146730,S,200,TSLA,1508602,150.8602
243,34200001153261,S,100,GOOG,1496051,149.6051
244,34200001153689,S,100,AAPL,1494881,149.4881
245,34200001163627,B,1000,AMZN,1496425,149.6425
246,34200001171280,S,1000,AMZN,1494948,149.4948
247,34200001177853,B,1000,AMZN,1491562,149.1562
248,34200001180995,B,300,MSFT,1500499,150.0499
249,34200001184303,B,200,META,1498283,149.8283
250,34200001187919,B,500,GOOG,1494985,149.4985
251,34200001196567,B,1000,META,1500374,150.0374
252,34200001196868,S,100,AMD,1506601,150.6601
253,34200001205578,B,200,AMD,1506726,150.6726
254,34200001205813,S,500,AMZN,1492246,149.2246
255,34200001211541,B,200,META,1499798,149.9798
256,34200001214487,B,200,GOOG,1493462,149.3462
257,34200001218748,S,300,MSFT,1503183,150.3183
258,34200001219018,B,100,NVDA,1498806,149.8806
259,34200001225236,S,300,AMD,1506276,150.6276
260,34200001234547,B,200,MSFT,1501480,150.148
261,34200001242371,S,300,AMD,1506250,150.625
262,34200001247099,S,1000,AMZN,1490929,149.0929
263,34200001247547,S,500,AAPL,1494990,149.499
264,34200001247807,B,200,TSLA,1507040,150.704
265,34200001249827,B,1000,NVDA,1499239,149.9239
266,34200001258664,S,300,MSFT,1505254,150.5254
267,34200001263995,S,300,NVDA,1500478,150.0478
268,34200001268679,B,200,AMD,1506106,150.6106
269,34200001274159,S,300,AMZN,1491938,149.1938
270,34200001281623,B,500,AMZN,1487928,148.7928
271,34200001289870,B,100,META,1502901,150.2901
272,34200001295312,S,200,AMZN,1488472,148.8472
273,34200001305012,S,100,AMZN,1489810,148.981
274,34200001313751,S,100,TSLA,1508923,150.8923
275,34200001322544,S,500,GOOG,1494222,149.4222
276,34200001324513,S,300,AMD,1506262,150.6262
277,34200001328393,S,100,GOOG,1493396,149.3396
278,34200001328876,S,1000,AAPL,1493802,149.3802
279,34200001338777,S,300,AMZN,1489756,148.9756
280,34200001341622,S,1000,AMD,1505918,150.5918
281,34200001347455,B,100,META,1503971,150.3971
282,34200001349876,B,500,TSLA,1509549,150.9549
283,34200001350172,B,200,NVDA,1498812,149.8812
284,34200001351359,B,300,TSLA,1508905,150.8905
285,34200001359001,B,1000,AMZN,1488054,148.8054
286,34200001363591,S,300,AMZN,1486873,148.6873
287,34200001372305,S,500,MSFT,1503312,150.3312
288,34200001381958,S,100,TSLA,1510633,151.0633
289,34200001385413,B,200,META,1505081,150.5081
290,34200001385618,B,1000,MSFT,1502724,150.2724
291,34200001394102,S,100,AMD,1507931,150.7931
292,34200001395151,S,100,AAPL,1494567,149.4567
293,34200001397281,B,100,TSLA,1509028,150.9028
294,34200001405168,B,100,AMD,1506215,150.6215
295,34200001405606,S,500,META,1508158,150.8158
296,34200001405981,S,100,MSFT,1504158,150.4158
297,34200001414566,B,100,NVDA,1496933,149.6933
298,34200001418107,S,200,NVDA,1496998,149.6998
299,34200001419363,S,500,AMZN,1487616,148.7616
300,34200001421160,B,100,TSLA,1511879,151.1879
301,34200001421408,B,100,TSLA,1511588,151.1588
302,34200001427661,S,300,TSLA,1511457,151.1457
303,34200001429659,S,500,TSLA,1510589,151.0589
304,34200001429935,S,1000,MSFT,1505050,150.505
305,34200001439748,B,200,NVDA,1496590,149.659
306,34200001443113,B,200,AMD,1505228,150.5228
307,34200001448290,S,100,AMD,1508192,150.8192
308,34200001450804,B,1000,TSLA,1508998,150.8998
309,34200001451293,S,100,TSLA,1510690,151.069
310,34200001452544,B,200,TSLA,1510458,151.0458
311,34200001456894,B,200,TSLA,1513826,151.3826
312,34200001464130,S,300,NVDA,1496317,149.6317
313,34200001472822,B,1000,AMD,1505002,150.5002
314,34200001477447,S,300,META,1507760,150.776
315,34200001477715,S,200,MSFT,1506950,150.695
316,34200001484245,B,1000,TSLA,1514421,151.4421
317,34200001484525,S,1000,AMZN,1488461,148.8461
318,34200001484902,B,1000,MSFT,1503612,150.3612
319,34200001489693,B,100,AAPL,1491144,149.1144
320,34200001496807,S,200,GOOG,1492968,149.2968
321,34200001497179,S,1000,AAPL,1490412,149.0412
322,34200001502876,B,200,NVDA,1493022,149.3022
323,34200001512467,B,100,AAPL,1487007,148.7007
324,34200001517846,B,200,MSFT,1503480,150.348
325,34200001520166,B,200,NVDA,1496845,149.6845
326,34200001522085,B,500,AAPL,1488400,148.84
327,34200001523782,S,100,AAPL,1489519,148.9519
328,34200001526000,B,1000,TSLA,1513220,151.322
329,34200001529362,B,100,AMZN,1488606,148.8606
330,34200001536737,S,100,NVDA,1496606,149.6606
331,34200001537060,S,300,META,1505517,150.5517
332,34200001543407,S,500,TSLA,1516476,151.6476
333,34200001550557,B,300,AAPL,1486786,148.6786
334,34200001550973,B,500,NVDA,1493152,149.3152
335,34200001554500,B,500,AMZN,1489606,148.9606
336,34200001554757,B,100,NVDA,1491697,149.1697
337,34200001564152,B,500,AMD,1504841,150.4841
338,34200001570467,B,300,NVDA,1492609,149.2609
339,34200001574245,S,200,NVDA,1495248,149.5248
340,34200001577635,B,200,NVDA,1493967,149.3967
341,34200001582675,B,300,GOOG,1493265,149.3265
342,34200001582930,S,1000,AMD,1506591,150.6591
343,34200001586160,S,1000,AAPL,1489054,148.9054
344,34200001593684,B,1000,AMZN,1489082,148.9082
345,34200001599276,B,200,META,1503720,150.372
346,34200001609215,B,200,NVDA,1495692,149.5692
347,34200001614988,S,200,MSFT,1504489,150.4489
348,34200001615243,S,1000,GOOG,1492448,149.2448
349,34200001624094,B,100,TSLA,1515161,151.5161
350,34200001630984,S,100,NVDA,1498258,149.8258
351,34200001638531,S,100,GOOG,1492919,149.2919
352,34200001638763,S,100,META,1506141,150.6141
353,34200001646171,S,200,TSLA,1515032,151.5032
354,34200001647573,S,100,AMD,1507068,150.7068
355,34200001654193,S,100,AMD,1507505,150.7505
356,34200001656792,S,1000,AMD,1509160,150.916
357,34200001657067,B,100,AMD,1507870,150.787
358,34200001660690,S,200,GOOG,1491306,149.1306
359,34200001661126,B,100,META,1501209,150.1209
360,34200001669163,B,200,NVDA,1495171,149.5171
361,34200001678959,B,100,NVDA,1497011,149.7011
362,34200001679402,B,1000,MSFT,1503318,150.3318
363,34200001686102,S,500,AMD,1506850,150.685
364,34200001691975,S,100,META,1502537,150.2537
365,34200001695291,B,100,GOOG,1490199,149.0199
366,34200001704264,B,500,NVDA,1495766,149.5766
367,34200001711146,B,1000,MSFT,1501477,150.1477
368,34200001720427,B,500,AAPL,1487470,148.747
369,34200001720816,S,1000,AMD,1505176,150.5176
370,34200001721031,S,200,AAPL,1489206,148.9206
371,34200001726420,S,100,AMZN,1491092,149.1092
372,34200001734385,S,1000,META,1503083,150.3083
373,34200001736810,B,1000,GOOG,1490108,149.0108
374,34200001743554,S,200,AMD,1502393,150.2393
375,34200001753274,B,100,NVDA,1496078,149.6078
376,34200001759068,S,300,AMZN,1491297,149.1297
377,34200001766811,B,100,AMZN,1487495,148.7495
378,34200001773088,S,100,AAPL,1487484,148.7484
379,34200001780234,B,200,TSLA,1513196,151.3196
380,34200001785792,B,500,AMD,1499743,149.9743
381,34200001792661,S,1000,META,1501514,150.1514
382,34200001797131,S,200,GOOG,1491392,149.1392
383,34200001806082,B,100,AMD,1498616,149.8616
384,34200001806417,S,100,META,1504213,150.4213
385,34200001809578,B,500,AAPL,1489171,148.9171
386,34200001814680,B,100,AMZN,1489262,148.9262
387,34200001819516,B,200,GOOG,1487757,148.7757
388,34200001821792,S,100,NVDA,1499013,149.9013
389,34200001829711,B,300,MSFT,1500464,150.0464
390,34200001829863,B,500,MSFT,1499155,149.9155
391,34200001830251,B,100,GOOG,1486967,148.6967
392,34200001834741,S,1000,AAPL,1492403,149.2403
393,34200001838034,B,100,MSFT,1500973,150.0973
394,34200001844186,S,300,GOOG,1486974,148.6974
395,34200001845625,B,200,MSFT,1500403,150.0403
396,34200001851467,B,200,AMZN,1490905,149.0905
397,34200001853630,B,100,AAPL,1491962,149.1962
398,34200001861525,S,100,AAPL,1490669,149.0669
399,34200001862750,B,100,META,1503026,150.3026
400,34200001871959,B,500,AMZN,1491541,149.1541
401,34200001878036,S,100,NVDA,1498365,149.8365
402,34200001885437,S,100,GOOG,1487371,148.7371
403,34200001893555,S,100,GOOG,1486782,148.6782
404,34200001897432,B,100,GOOG,1486864,148.6864
405,34200001902679,B,300,GOOG,1487869,148.7869
406,34200001904159,B,100,MSFT,1500968,150.0968
407,34200001913527,B,100,META,1502646,150.2646
408,34200001918706,B,100,META,1501525,150.1525
409,34200001918812,B,100,GOOG,1489525,148.9525
410,34200001922744,B,500,TSLA,1512198,151.2198
411,34200001930563,S,200,AAPL,1487649,148.7649
412,34200001931007,B,300,META,1501239,150.1239
413,34200001936632,S,100,AAPL,1488803,148.8803
414,34200001936834,B,1000,AMZN,1493174,149.3174
415,34200001945917,S,300,AMZN,1493703,149.3703
416,34200001946226,S,200,TSLA,1513195,151.3195
417,34200001946662,S,300,AAPL,1488349,148.8349
418,34200001951564,S,100,NVDA,1499338,149.9338
419,34200001951782,S,100,NVDA,1498812,149.8812
420,34200001954173,S,1000,NVDA,1498938,149.8938
421,34200001957314,B,100,GOOG,1487303,148.7303
422,34200001963659,B,500,TSLA,1511622,151.1622
423,34200001963843,S,100,META,1500692,150.0692
424,34200001968244,B,100,AMD,1499236,149.9236
425,34200001969904,B,200,AMD,1499214,149.9214
426,34200001970131,S,100,TSLA,1513930,151.393
427,34200001978539,B,100,META,1499714,149.9714
428,34200001978670,B,100,TSLA,1513421,151.3421
429,34200001980898,B,200,TSLA,1515342,151.5342
430,34200001983404,S,1000,AAPL,1490679,149.0679
431,34200001990875,B,500,META,1501586,150.1586
432,34200001994941,B,100,AMD,1501307,150.1307
433,34200002004114,B,200,AMZN,1491326,149.1326
434,34200002004410,S,100,NVDA,1502190,150.219
435,34200002011293,S,100,MSFT,1499985,149.9985
436,34200002020524,S,300,AMD,1503854,150.3854
437,34200002026126,B,100,META,1501464,150.1464
438,34200002030939,S,300,AAPL,1491685,149.1685
439,34200002038302,B,200,MSFT,1501259,150.1259
440,34200002044512,S,100,META,1503456,150.3456
441,34200002048596,S,100,META,1504465,150.4465
442,34200002048724,S,1000,AMD,1503169,150.3169
443,34200002055306,B,200,TSLA,1514698,151.4698
444,34200002055706,S,100,MSFT,1501779,150.1779
445,34200002063187,S,300,MSFT,1501822,150.1822
446,34200002071344,B,100,GOOG,1484856,148.4856
447,34200002075216,S,300,AMD,1503319,150.3319
448,34200002075316,B,100,NVDA,1500141,150.0141
449,34200002079935,S,300,NVDA,1502465,150.2465
450,34200002084834,S,300,GOOG,1483700,148.37
451,34200002090179,S,300,META,1504571,150.4571
452,34200002092949,B,300,TSLA,1514996,151.4996
453,34200002100153,B,500,AAPL,1492113,149.2113
454,34200002104848,S,1000,META,1505052,150.5052
455,34200002107563,B,300,MSFT,1498957,149.8957
456,34200002117525,B,100,GOOG,1483501,148.3501
457,34200002121228,S,500,GOOG,1482038,148.2038
458,34200002125340,B,300,NVDA,1505679,150.5679
459,34200002127911,S,200,NVDA,1505594,150.5594
460,34200002128195,B,1000,AAPL,1489255,148.9255
461,34200002128308,S,1000,AAPL,1490037,149.0037
462,34200002131200,B,100,TSLA,1515252,151.5252
463,34200002138549,S,100,AMZN,1493192,149.3192
464,34200002138671,B,300,MSFT,1496706,149.6706
465,34200002139127,S,100,AMZN,1492608,149.2608
466,34200002143854,B,500,GOOG,1481766,148.1766
467,34200002148714,B,1000,AAPL,1489622,148.9622
468,34200002158181,B,100,AMD,1499283,149.9283
469,34200002161248,B,200,MSFT,1498939,149.8939
470,34200002164670,B,200,AAPL,1491542,149.1542
471,34200002171013,S,500,AMZN,1490788,149.0788
472,34200002171189,S,500,AMZN,1492863,149.2863
473,34200002173843,S,100,MSFT,1497628,149.7628
474,34200002182798,S,500,AMZN,1492561,149.2561
475,34200002183067,B,500,AMD,1500154,150.0154
476,34200002184398,B,200,TSLA,1515236,151.5236
477,34200002189132,B,100,META,1504577,150.4577
478,34200002196960,B,300,MSFT,1495468,149.5468
479,34200002206402,S,300,GOOG,1483555,148.3555
480,34200002206770,B,500,MSFT,1496322,149.6322
481,34200002206895,B,200,AAPL,1493546,149.3546
482,34200002216170,S,300,META,1508602,150.8602
483,34200002220079,B,1000,NVDA,1503984,150.3984
484,34200002220311,S,300,AMD,1501174,150.1174
485,34200002224999,B,200,GOOG,1481434,148.1434
486,34200002226144,B,100,TSLA,1516798,151.6798
487,34200002232148,S,200,AMD,1502514,150.2514
488,34200002236723,B,300,AMZN,1490124,149.0124
489,34200002237162,S,100,AMD,1502828,150.2828
490,34200002239933,S,200,META,1510834,151.0834
491,34200002245828,S,200,AMD,1506454,150.6454
492,34200002253448,B,100,TSLA,1518867,151.8867
493,34200002261076,S,200,META,1509317,150.9317
494,34200002265719,S,200,NVDA,1503403,150.3403
495,34200002274432,S,100,AMD,1508126,150.8126
496,34200002280931,S,100,MSFT,1496883,149.6883
497,34200002286748,S,300,GOOG,1483317,148.3317
498,34200002288914,S,100,AMD,1509681,150.9681
499,34200002292384,S,200,AMD,1510947,151.0947
500,34200002300880,S,500,MSFT,1495455,149.5455
501,34200002304777,S,300,MSFT,1494694,149.4694
502,34200002308539,S,1000,META,1511105,151.1105
503,34200002316148,B,500,MSFT,1490363,149.0363
504,34200002316350,S,100,NVDA,1503270,150.327
505,34200002316452,S,200,META,1514937,151.4937
506,34200002316748,B,200,TSLA,1517677,151.7677
507,34200002326335,B,1000,AMZN,1491708,149.1708
508,34200002335366,B,300,META,1516184,151.6184
509,34200002338515,S,100,META,1517184,151.7184
510,34200002338979,S,100,TSLA,1518366,151.8366
511,34200002340764,S,100,AAPL,1493133,149.3133
512,34200002348592,S,100,GOOG,1484215,148.4215
513,34200002349744,B,200,AMD,1508559,150.8559
514,34200002352991,B,200,AMZN,1493292,149.3292
515,34200002353145,S,200,NVDA,1503113,150.3113
516,34200002357449,B,200,AMD,1507838,150.7838
517,34200002366324,B,200,META,1515318,151.5318
518,34200002375419,B,100,META,1514804,151.4804
519,34200002383902,B,200,MSFT,1493626,149.3626
520,34200002385548,B,100,AMZN,1492581,149.2581
521,34200002387299,B,100,AMZN,1491048,149.1048
522,34200002395470,S,300,AAPL,1494159,149.4159
523,34200002403949,S,100,AMZN,1492024,149.2024
524,34200002407681,S,500,AMZN,1492069,149.2069
525,34200002416589,S,100,GOOG,1486023,148.6023
526,34200002419729,B,300,AMD,1509334,150.9334
527,34200002425877,B,100,AMD,1510583,151.0583
528,34200002432419,S,200,AAPL,1494409,149.4409
529,34200002434313,B,100,GOOG,1482840,148.284
530,34200002438022,S,1000,AAPL,1494794,149.4794
531,34200002445225,B,100,GOOG,1483051,148.3051
532,34200002453566,S,1000,NVDA,1501792,150.1792
533,34200002453877,B,100,GOOG,1483754,148.3754
534,34200002459867,S,100,AAPL,1493318,149.3318
535,34200002466306,B,200,TSLA,1516321,151.6321
536,34200002466794,S,1000,AMD,1509906,150.9906
537,34200002468544,S,300,TSLA,1518341,151.8341
538,34200002472753,B,100,MSFT,1493146,149.3146
539,34200002473065,B,300,TSLA,1519595,151.9595
540,34200002481446,S,100,AAPL,1496227,149.6227
541,34200002483241,B,100,AMD,1506452,150.6452
542,34200002487086,S,100,NVDA,1499240,149.924
543,34200002492153,S,500,MSFT,1496186,149.6186
544,34200002495338,B,200,AMZN,1491991,149.1991
545,34200002499898,S,300,MSFT,1494105,149.4105
546,34200002503071,B,300,TSLA,1520725,152.0725
547,34200002510910,B,300,MSFT,1491106,149.1106
548,34200002512324,S,100,AMZN,1493235,149.3235
549,34200002515723,B,200,NVDA,1499505,149.9505
550,34200002517252,S,200,AAPL,1497490,149.749
551,34200002524623,S,200,META,1516079,151.6079
552,34200002531972,S,100,TSLA,1521074,152.1074
553,34200002532200,B,100,NVDA,1502846,150.2846
554,34200002539225,S,200,TSLA,1520259,152.0259
555,34200002539413,B,100,TSLA,1519801,151.9801
556,34200002542544,B,200,GOOG,1480073,148.0073
557,34200002542809,B,100,MSFT,1490018,149.0018
558,34200002549675,S,200,AAPL,1497411,149.7411
559,34200002553286,B,100,GOOG,1480748,148.0748
560,34200002557781,S,100,NVDA,1503161,150.3161
561,34200002558925,S,1000,META,1515563,151.5563
562,34200002563919,S,200,GOOG,1482926,148.2926
563,34200002569552,S,500,AAPL,1496070,149.607
564,34200002575408,S,1000,AAPL,1495270,149.527
565,34200002579861,B,100,TSLA,1518931,151.8931
566,34200002587991,S,100,TSLA,1521101,152.1101
567,34200002588118,B,100,GOOG,1481509,148.1509
568,34200002592847,S,100,MSFT,1490357,149.0357
569,34200002595785,B,100,AMZN,1490567,149.0567
570,34200002597530,S,100,AAPL,1496568,149.6568
571,34200002605700,B,100,GOOG,1480512,148.0512
572,34200002605912,B,1000,NVDA,1503746,150.3746
573,34200002613025,S,100,MSFT,1489902,148.9902
574,34200002613127,S,100,AAPL,1493799,149.3799
575,34200002622524,B,200,NVDA,1499700,149.97
576,34200002622716,B,200,MSFT,1488167,148.8167
577,34200002624819,S,100,AAPL,1495760,149.576
578,34200002631670,B,1000,AMZN,1487385,148.7385
579,34200002640053,B,200,MSFT,1487851,148.7851
580,34200002647024,S,100,META,1514089,151.4089
581,34200002653913,B,500,META,1514078,151.4078
582,34200002660790,S,1000,MSFT,1488419,148.8419
583,34200002664083,S,200,AMZN,1487873,148.7873
584,34200002673392,B,100,TSLA,1520260,152.026
585,34200002683296,S,100,AAPL,1496114,149.6114
586,34200002689063,S,300,AMD,1505722,150.5722
587,34200002692780,B,100,MSFT,1485184,148.5184
588,34200002701701,B,100,MSFT,1486175,148.6175
589,34200002706088,B,300,META,1516460,151.646
590,34200002706520,B,100,META,1516805,151.6805
591,34200002710368,S,200,META,1521285,152.1285
592,34200002717533,S,100,NVDA,1503283,150.3283
593,34200002718641,S,1000,TSLA,1519849,151.9849
594,34200002724241,B,100,MSFT,1485932,148.5932
595,34200002730651,S,200,TSLA,1519771,151.9771
596,34200002734292,B,1000,GOOG,1480914,148.0914
597,34200002735934,S,100,NVDA,1503424,150.3424
598,34200002743576,B,100,MSFT,1485894,148.5894
599,34200002752299,S,200,AAPL,1497658,149.7658
600,34200002756278,B,100,AMD,1503042,150.3042
601,34200002763593,S,100,AMZN,1489792,148.9792
602,34200002766170,B,500,MSFT,1487960,148.796
603,34200002766607,B,100,MSFT,1485428,148.5428
604,34200002774676,S,100,MSFT,1487538,148.7538
605,34200002781922,S,1000,NVDA,1503217,150.3217
606,34200002787092,S,100,META,1522114,152.2114
607,34200002788181,B,500,AMD,1503071,150.3071
608,34200002792546,S,100,AAPL,1494387,149.4387
609,34200002802329,B,200,META,1519507,151.9507
610,34200002809840,S,200,NVDA,1504204,150.4204
611,34200002815864,B,1000,TSLA,1516697,151.6697
612,34200002818815,S,100,META,1522587,152.2587
613,34200002820667,B,500,TSLA,1514676,151.4676
614,34200002829394,B,100,MSFT,1487297,148.7297
615,34200002836958,B,100,NVDA,1503203,150.3203
616,34200002840829,S,100,AMZN,1490403,149.0403
617,34200002841235,S,200,AMD,1504034,150.4034
618,34200002842239,S,300,TSLA,1515556,151.5556
619,34200002851721,B,500,MSFT,1487718,148.7718
620,34200002858424,S,100,AAPL,1495010,149.501
621,34200002859500,S,1000,META,1523479,152.3479
622,34200002868743,B,100,AMZN,1488229,148.8229
623,34200002875921,S,200,AMZN,1489232,148.9232
624,34200002877369,S,1000,AMD,1504368,150.4368
625,34200002885126,S,200,AMD,1504586,150.4586
626,34200002887649,S,200,META,1523560,152.356
627,34200002892229,B,1000,NVDA,1502615,150.2615
628,34200002897076,B,1000,AMZN,1485881,148.5881
629,34200002897230,B,300,TSLA,1515775,151.5775
630,34200002907101,S,100,GOOG,1481791,148.1791
631,34200002916475,B,200,AAPL,1494642,149.4642
632,34200002916791,B,100,AMZN,1484112,148.4112
633,34200002926281,B,1000,AMD,1504246,150.4246
634,34200002933497,B,100,AMD,1504303,150.4303
635,34200002942219,B,200,GOOG,1479159,147.9159
636,34200002949318,B,500,META,1524527,152.4527
637,34200002954740,B,200,META,1525780,152.578
638,34200002955218,S,200,TSLA,1515902,151.5902
639,34200002961133,B,300,MSFT,1487913,148.7913
640,34200002964809,S,100,AMZN,1486148,148.6148
641,34200002970065,S,1000,AAPL,1496089,149.6089
642,34200002977811,B,200,META,1526321,152.6321
643,34200002983474,S,100,GOOG,1479734,147.9734
644,34200002991796,B,1000,META,1528176,152.8176
645,34200002998323,S,100,GOOG,1478143,147.8143
646,34200003000491,S,500,NVDA,1504755,150.4755
647,34200003007970,B,200,GOOG,1477902,147.7902
648,34200003011982,S,1000,AMZN,1486657,148.6657
649,34200003012134,B,200,AAPL,1496462,149.6462
650,34200003012437,B,100,GOOG,1478366,147.8366
651,34200003018092,B,200,GOOG,1480097,148.0097
652,34200003018531,S,100,AMD,1505971,150.5971
653,34200003021744,B,200,META,1529043,152.9043
654,34200003031489,S,500,MSFT,1487998,148.7998
655,34200003039242,B,1000,AMZN,1487289,148.7289
656,34200003042475,B,100,AMZN,1486466,148.6466
657,34200003050527,S,1000,META,1530310,153.031
658,34200003050914,S,300,AMZN,1488457,148.8457
659,34200003053211,S,500,NVDA,1503746,150.3746
660,34200003062926,S,200,NVDA,1504497,150.4497
661,34200003071344,B,100,AMZN,1485366,148.5366
662,34200003074836,S,200,AMZN,1488181,148.8181
663,34200003075160,S,200,AAPL,1497473,149.7473
664,34200003081761,B,100,AAPL,1496613,149.6613
665,34200003085154,S,100,NVDA,1503380,150.338
666,34200003089129,B,100,AAPL,1498698,149.8698
667,34200003094207,B,100,TSLA,1516013,151.6013
668,34200003095756,S,200,NVDA,1502686,150.2686
669,34200003101869,S,1000,TSLA,1513988,151.3988
670,34200003107764,B,100,META,1530049,153.0049
671,34200003114080,S,200,TSLA,1513472,151.3472
672,34200003119062,B,100,AAPL,1499275,149.9275
673,34200003121528,S,100,AAPL,1502716,150.2716
674,34200003123511,B,300,TSLA,1512683,151.2683
675,34200003129700,S,100,AAPL,1501381,150.1381
676,34200003129993,S,200,META,1531647,153.1647
677,34200003139022,B,200,META,1529860,152.986
678,34200003147696,S,300,TSLA,1512649,151.2649
679,34200003156058,S,100,AMZN,1489035,148.9035
680,34200003165347,S,300,AMZN,1488149,148.8149
681,34200003167384,S,200,NVDA,1502167,150.2167
682,34200003173669,B,100,NVDA,1497673,149.7673
683,34200003176795,S,100,NVDA,1498214,149.8214
684,34200003179412,S,100,MSFT,1487041,148.7041
685,34200003179625,S,200,AAPL,1499505,149.9505
686,34200003181935,B,1000,GOOG,1479181,147.9181
687,34200003183890,S,300,AMD,1506539,150.6539
688,34200003184100,S,200,AMZN,1486949,148.6949
689,34200003188031,B,200,GOOG,1480044,148.0044
690,34200003196028,S,300,NVDA,1499659,149.9659
691,34200003204286,B,100,GOOG,1480310,148.031
692,34200003212041,S,300,META,1532397,153.2397
693,34200003217203,B,200,NVDA,1498369,149.8369
694,34200003217320,S,500,META,1531095,153.1095
695,34200003221955,S,100,AMZN,1485769,148.5769
696,34200003231331,S,200,TSLA,1510816,151.0816
697,34200003236424,B,300,MSFT,1487511,148.7511
698,34200003240986,B,100,TSLA,1511153,151.1153
699,34200003246907,B,100,GOOG,1479476,147.9476
700,34200003247035,S,500,AAPL,1496982,149.6982
701,34200003248222,B,200,META,1528467,152.8467
702,34200003251672,B,100,NVDA,1500626,150.0626
703,34200003260941,B,1000,META,1526887,152.6887
704,34200003261213,B,500,GOOG,1479960,147.996
705,34200003269331,S,100,GOOG,1478539,147.8539
706,34200003273543,S,200,MSFT,1489183,148.9183
707,34200003273854,B,100,TSLA,1510710,151.071
708,34200003275250,B,300,NVDA,1502306,150.2306
709,34200003280075,S,100,AMZN,1486739,148.6739
710,34200003280202,S,100,TSLA,1513236,151.3236
711,34200003283025,S,100,TSLA,1516718,151.6718
712,34200003292839,B,300,AMZN,1484768,148.4768
713,34200003294140,B,100,TSLA,1515947,151.5947
714,34200003296124,S,100,NVDA,1505359,150.5359
715,34200003296562,B,100,AMZN,1484767,148.4767
716,34200003296994,S,100,AMZN,1488352,148.8352
717,34200003306703,S,300,NVDA,1504832,150.4832
718,34200003308055,B,1000,GOOG,1478576,147.8576
719,34200003308505,B,100,AAPL,1495312,149.5312
720,34200003317717,B,200,META,1528962,152.8962
721,34200003324316,S,200,AMZN,1488643,148.8643
722,34200003329042,S,500,NVDA,1502880,150.288
723,34200003332200,S,300,NVDA,1503733,150.3733
724,34200003338262,S,200,TSLA,1518618,151.8618
725,34200003347994,S,100,MSFT,1486434,148.6434
726,34200003355777,B,100,GOOG,1480554,148.0554
727,34200003358526,S,100,NVDA,1502415,150.2415
728,34200003363309,B,200,MSFT,1486755,148.6755
729,34200003371989,B,100,TSLA,1516860,151.686
730,34200003375672,B,1000,META,1529112,152.9112
731,34200003379995,S,500,TSLA,1518391,151.8391
732,34200003388491,B,1000,TSLA,1518630,151.863
733,34200003398275,S,300,TSLA,1517768,151.7768
734,34200003399969,S,1000,AAPL,1497950,149.795
735,34200003401776,S,500,TSLA,1516456,151.6456
736,34200003407460,B,200,TSLA,1514678,151.4678
737,34200003415860,S,100,AMD,1507369,150.7369
738,34200003425812,S,100,GOOG,1482125,148.2125
739,34200003428289,B,200,MSFT,1485925,148.5925
740,34200003428750,B,100,AMZN,1489062,148.9062
741,34200003435985,S,100,AMD,1506945,150.6945
742,34200003436159,S,100,AAPL,1497278,149.7278
743,34200003439085,B,200,MSFT,1485983,148.5983
744,34200003439439,S,200,MSFT,1486404,148.6404
745,34200003448233,S,200,AMD,1506290,150.629
746,34200003458200,B,100,AMD,1505646,150.5646
747,34200003458634,S,100,AMZN,1488073,148.8073
748,34200003461070,B,200,META,1528376,152.8376
749,34200003467971,B,100,AAPL,1499873,149.9873
750,34200003475179,B,300,AAPL,1502893,150.2893
751,34200003475419,B,100,GOOG,1481276,148.1276
752,34200003477372,S,200,META,1526438,152.6438
753,34200003483077,S,1000,GOOG,1478555,147.8555
754,34200003489874,S,200,NVDA,1500701,150.0701
755,34200003494686,S,1000,MSFT,1485793,148.5793
756,34200003495106,S,100,AMZN,1486927,148.6927
757,34200003495385,S,500,GOOG,1478976,147.8976
758,34200003497496,B,200,TSLA,1513948,151.3948
759,34200003498973,S,300,AMZN,1486443,148.6443
760,34200003500555,B,1000,MSFT,1486177,148.6177
761,34200003508337,S,300,MSFT,1485602,148.5602
762,34200003509643,S,300,AAPL,1504138,150.4138
763,34200003515238,S,100,TSLA,1513746,151.3746
764,34200003522620,B,100,AAPL,1502307,150.2307
765,34200003525042,S,100,MSFT,1482849,148.2849
766,34200003531000,S,1000,AMD,1504750,150.475
767,34200003539270,B,200,TSLA,1512119,151.2119
768,34200003539617,S,100,AAPL,1503761,150.3761
769,34200003541215,S,100,AMZN,1487275,148.7275
770,34200003541337,B,100,AMD,1502425,150.2425
771,34200003547451,B,100,GOOG,1476226,147.6226
772,34200003553679,B,200,TSLA,1514566,151.4566
773,34200003563101,B,100,AMD,1502554,150.2554
774,34200003568742,B,300,GOOG,1475090,147.509
775,34200003568856,S,1000,TSLA,1516488,151.6488
776,34200003571266,S,100,AMD,1503997,150.3997
777,34200003575512,S,300,NVDA,1499078,149.9078
778,34200003575969,S,100,GOOG,1477938,147.7938
779,34200003580635,S,1000,AMD,1505758,150.5758
780,34200003588058,S,200,MSFT,1483982,148.3982
781,34200003590128,S,1000,MSFT,1482899,148.2899
782,34200003595752,B,1000,AMD,1502043,150.2043
783,34200003597914,B,300,META,1524707,152.4707
784,34200003602906,S,500,AMZN,1486601,148.6601
785,34200003611038,B,500,MSFT,1482738,148.2738
786,34200003613314,S,100,META,1525062,152.5062
787,34200003613621,B,1000,AMD,1504166,150.4166
788,34200003615628,S,500,GOOG,1479447,147.9447
789,34200003624049,S,100,GOOG,1478710,147.871
790,34200003624497,B,1000,AMZN,1485697,148.5697
791,34200003625630,S,300,META,1524528,152.4528
792,34200003635622,S,100,NVDA,1501313,150.1313
793,34200003640476,S,200,AAPL,1504987,150.4987
794,34200003648128,S,300,NVDA,1501524,150.1524
795,34200003655030,B,200,NVDA,1499574,149.9574
796,34200003655461,B,100,NVDA,1499984,149.9984
797,34200003655773,S,100,AAPL,1507020,150.702
798,34200003664217,S,500,AMD,1507826,150.7826
799,34200003673378,B,500,NVDA,1498430,149.843
800,34200003680390,S,500,TSLA,1515555,151.5555
801,34200003682701,S,1000,AAPL,1508854,150.8854
802,34200003684982,S,200,MSFT,1484376,148.4376
803,34200003691610,S,200,GOOG,1478872,147.8872
804,34200003698041,B,1000,AAPL,1509883,150.9883
805,34200003704022,B,100,NVDA,1495939,149.5939
806,34200003709802,B,100,AMZN,1489171,148.9171
807,34200003710045,S,200,AAPL,1511139,151.1139
808,34200003713521,S,100,AMZN,1490673,149.0673
809,34200003713891,S,1000,AMD,1506586,150.6586
810,34200003717416,B,100,AAPL,1511124,151.1124
811,34200003724069,B,100,AMD,1505413,150.5413
812,34200003724373,S,100,AAPL,1509964,150.9964
813,34200003731763,S,200,AMD,1506322,150.6322
814,34200003732092,B,500,AMD,1506886,150.6886
815,34200003738889,S,100,NVDA,1494678,149.4678
816,34200003741499,S,300,NVDA,1491639,149.1639
817,34200003745446,S,200,AMZN,1490133,149.0133
818,34200003745596,S,100,META,1522676,152.2676
819,34200003746013,S,200,GOOG,1478630,147.863
820,34200003749008,B,200,GOOG,1475866,147.5866
821,34200003753026,B,100,GOOG,1477588,147.7588
822,34200003758554,B,1000,AMZN,1490581,149.0581
823,34200003764097,S,100,NVDA,1490853,149.0853
824,34200003769433,B,100,AAPL,1507070,150.707
825,34200003769784,S,500,MSFT,1482869,148.2869
826,34200003772524,B,200,GOOG,1478516,147.8516
827,34200003773831,B,200,AMD,1506635,150.6635
828,34200003779196,B,100,AMD,1506847,150.6847
829,34200003786813,S,1000,MSFT,1481777,148.1777
830,34200003795711,S,500,GOOG,1476266,147.6266
831,34200003796142,B,500,GOOG,1472517,147.2517
832,34200003801892,B,100,GOOG,1471005,147.1005
833,34200003804641,B,200,TSLA,1514846,151.4846
834,34200003804839,B,200,META,1522162,152.2162
835,34200003813200,B,200,AAPL,1507087,150.7087
836,34200003814901,B,300,AAPL,1505203,150.5203
837,34200003819718,S,100,NVDA,1493145,149.3145
838,34200003828438,B,1000,GOOG,1473110,147.311
839,34200003831032,B,200,AAPL,1505303,150.5303
840,34200003833774,S,100,AMD,1510125,151.0125
841,34200003841360,B,500,GOOG,1470371,147.0371
842,34200003845853,B,100,META,1522011,152.2011
843,34200003846142,B,500,AAPL,1503968,150.3968
844,34200003846565,B,100,MSFT,1479138,147.9138
845,34200003846710,B,100,NVDA,1492290,149.229
846,34200003852149,B,100,AMZN,1489721,148.9721
847,34200003854591,S,100,AMD,1506195,150.6195
848,34200003854962,B,200,AMZN,1492267,149.2267
849,34200003859371,S,200,GOOG,1469520,146.952
850,34200003868143,B,100,AMZN,1490146,149.0146
851,34200003873261,B,200,AMD,1506497,150.6497
852,34200003873387,S,100,META,1525841,152.5841
853,34200003879727,S,200,MSFT,1480535,148.0535
854,34200003886070,B,200,NVDA,1492094,149.2094
855,34200003886469,S,200,TSLA,1517969,151.7969
856,34200003894923,B,100,AMD,1507822,150.7822
857,34200003898007,S,200,MSFT,1480325,148.0325
858,34200003898345,S,200,AAPL,1504898,150.4898
859,34200003902129,B,100,AMD,1505801,150.5801
860,34200003906675,B,1000,TSLA,1517630,151.763
861,34200003911318,S,200,AMD,1507335,150.7335
862,34200003912974,S,500,MSFT,1478803,147.8803
863,34200003915579,B,1000,AMD,1506050,150.605
864,34200003923241,B,100,AMD,1504774,150.4774
865,34200003929235,S,100,TSLA,1519585,151.9585
866,34200003937833,S,100,MSFT,1480620,148.062
867,34200003938855,S,1000,MSFT,1481281,148.1281
868,34200003944275,B,100,GOOG,1466956,146.6956
869,34200003947093,S,300,TSLA,1519631,151.9631
870,34200003950964,B,100,NVDA,1491098,149.1098
871,34200003959803,B,200,GOOG,1464609,146.4609
872,34200003965183,S,300,TSLA,1518955,151.8955
873,34200003974897,B,100,NVDA,1491206,149.1206
874,34200003975231,B,100,AMZN,1490277,149.0277
875,34200003975388,B,100,GOOG,1467750,146.775
876,34200003985258,S,100,MSFT,1482608,148.2608
877,34200003985369,S,200,MSFT,1480781,148.0781
878,34200003991985,S,300,TSLA,1519714,151.9714
879,34200003995146,S,1000,META,1523691,152.3691
880,34200004000866,B,200,AMZN,1490569,149.0569
881,34200004006539,S,100,AAPL,1506532,150.6532
882,34200004008213,S,100,MSFT,1481954,148.1954
883,34200004014846,B,100,META,1520926,152.0926
884,34200004017836,B,100,MSFT,1480033,148.0033
885,34200004018314,B,300,AAPL,1503270,150.327
886,34200004021723,S,1000,META,1522836,152.2836
887,34200004024637,B,100,AMD,1504486,150.4486
888,34200004027152,B,200,AMZN,1490687,149.0687
889,34200004027294,S,200,META,1524787,152.4787
890,34200004027556,S,500,AMD,1505516,150.5516
891,34200004028755,B,300,AAPL,1504564,150.4564
892,34200004031190,B,1000,AMZN,1490418,149.0418
893,34200004031662,S,200,TSLA,1519386,151.9386
894,34200004034072,S,100,NVDA,1491105,149.1105
895,34200004041228,S,100,MSFT,1481973,148.1973
896,34200004041564,B,500,GOOG,1469058,146.9058
897,34200004047511,B,100,MSFT,1481451,148.1451
898,34200004047612,S,200,AMZN,1494394,149.4394
899,34200004053325,S,100,MSFT,1482756,148.2756
900,34200004053566,B,100,NVDA,1493718,149.3718
901,34200004058791,S,1000,AMD,1506875,150.6875
902,34200004060078,S,300,AMD,1506055,150.6055
903,34200004060317,B,300,AMZN,1493564,149.3564
904,34200004069994,B,100,META,1524239,152.4239
905,34200004076174,B,100,GOOG,1466861,146.6861
906,34200004082935,B,100,AMZN,1493042,149.3042
907,34200004086606,B,500,MSFT,1482941,148.2941
908,34200004096218,B,200,GOOG,1466304,146.6304
909,34200004102322,B,100,GOOG,1464069,146.4069
910,34200004102577,B,300,META,1525723,152.5723
911,34200004107015,B,200,AAPL,1504938,150.4938
912,34200004107511,S,100,MSFT,1483696,148.3696
913,34200004112656,B,100,AMD,1504976,150.4976
914,34200004117021,B,100,AAPL,1504695,150.4695
915,34200004126223,B,300,TSLA,1518649,151.8649
916,34200004127452,S,100,TSLA,1520646,152.0646
917,34200004130068,B,100,TSLA,1518709,151.8709
918,34200004134101,S,300,TSLA,1516577,151.6577
919,34200004138829,S,500,AMD,1506244,150.6244
920,34200004148344,B,100,NVDA,1492887,149.2887
921,34200004151239,B,100,MSFT,1481492,148.1492
922,34200004159512,B,200,NVDA,1492524,149.2524
923,34200004168305,S,100,TSLA,1514992,151.4992
924,34200004177868,B,100,META,1525303,152.5303
925,34200004178069,S,100,GOOG,1465644,146.5644
926,34200004186027,B,100,META,1526444,152.6444
927,34200004193653,S,500,AMD,1505620,150.562
928,34200004193881,S,1000,AMD,1507761,150.7761
929,34200004203042,B,100,AMD,1505141,150.5141
930,34200004203460,S,300,AAPL,1505531,150.5531
931,34200004212617,S,1000,GOOG,1466382,146.6382
932,34200004222473,B,300,AMD,1502231,150.2231
933,34200004229638,B,500,AAPL,1504996,150.4996
934,34200004235603,B,100,AMD,1502919,150.2919
935,34200004244640,S,100,MSFT,1481597,148.1597
936,34200004253745,B,100,AMD,1502762,150.2762
937,34200004253868,S,100,NVDA,1493091,149.3091
938,34200004260459,S,100,MSFT,1480471,148.0471
939,34200004265515,B,100,NVDA,1493015,149.3015
940,34200004267588,S,100,TSLA,1516392,151.6392
941,34200004275509,S,1000,AMZN,1494428,149.4428
942,34200004282697,B,100,NVDA,1493415,149.3415
943,34200004289260,B,300,NVDA,1493517,149.3517
944,34200004291494,S,500,MSFT,1481074,148.1074
945,34200004294000,S,200,TSLA,1515982,151.5982
946,34200004303700,S,100,GOOG,1466526,146.6526
947,34200004313546,B,200,AMD,1501317,150.1317
948,34200004321971,B,200,META,1527068,152.7068
949,34200004330627,S,1000,MSFT,1482299,148.2299
950,34200004332608,S,500,AMZN,1493798,149.3798
951,34200004334663,B,500,TSLA,1514219,151.4219
952,34200004339864,S,200,TSLA,1515864,151.5864
953,34200004348009,B,200,TSLA,1514346,151.4346
954,34200004348178,S,200,NVDA,1494426,149.4426
955,34200004357138,S,100,AAPL,1505352,150.5352
956,34200004359179,B,300,AAPL,1507564,150.7564
957,34200004368375,S,100,NVDA,1496804,149.6804
958,34200004370853,S,200,GOOG,1465705,146.5705
959,34200004375718,B,500,TSLA,1511633,151.1633
960,34200004381216,B,100,NVDA,1494391,149.4391
961,34200004384066,B,300,AMD,1498406,149.8406
962,34200004387440,S,200,META,1530226,153.0226
963,34200004389335,B,100,META,1526980,152.698
964,34200004396280,B,200,TSLA,1512158,151.2158
965,34200004401466,B,500,GOOG,1463555,146.3555
966,34200004405091,B,200,AMZN,1492259,149.2259
967,34200004407403,S,100,AMD,1497913,149.7913
968,34200004410047,B,300,AMD,1494250,149.425
969,34200004411495,B,300,MSFT,1480439,148.0439
970,34200004414724,S,1000,AAPL,1506365,150.6365
971,34200004415088,B,100,AAPL,1504146,150.4146
972,34200004418275,S,300,MSFT,1483357,148.3357
973,34200004418563,B,200,AMZN,1493085,149.3085
974,34200004418674,B,200,MSFT,1483720,148.372
975,34200004426701,B,100,TSLA,1515967,151.5967
976,34200004429623,B,100,AMZN,1490754,149.0754
977,34200004430088,S,1000,AAPL,1504831,150.4831
978,34200004437347,B,200,TSLA,1514178,151.4178
979,34200004445040,B,200,MSFT,1483002,148.3002
980,34200004450108,B,200,MSFT,1483425,148.3425
981,34200004457621,B,100,META,1525266,152.5266
982,34200004458006,S,200,TSLA,1514290,151.429
983,34200004458364,B,100,AAPL,1506724,150.6724
984,34200004458750,B,300,NVDA,1495003,149.5003
985,34200004459012,B,1000,AAPL,1505700,150.57
986,34200004459177,B,300,NVDA,1494940,149.494
987,34200004464489,S,200,AMD,1497614,149.7614
988,34200004473538,S,100,AMZN,1490012,149.0012
989,34200004473665,S,100,MSFT,1481569,148.1569
990,34200004474004,B,200,TSLA,1511616,151.1616
991,34200004482953,S,300,NVDA,1498309,149.8309
992,34200004487290,S,100,AMD,1499332,149.9332
993,34200004488357,S,200,AMZN,1490193,149.0193
994,34200004490902,B,200,MSFT,1481384,148.1384
995,34200004493639,S,300,META,1529044,152.9044
996,34200004502500,B,1000,META,1528519,152.8519
997,34200004510923,S,100,AMD,1498810,149.881
998,34200004512720,S,100,META,1528845,152.8845
999,34200004512950,B,500,AMZN,1488470,148.847
1000,34200004513156,B,100,MSFT,1481333,148.1333
